Systemic Lupus Erythematosus|Autoantibody
Celiac Disease|Crohn's Disease
Immunoglobulin G|Human Immunoglobulin|-Glycosylation
Obese|Type 2 Diabetes
Iron Intake|Type 2 Diabetes
Type 2 Diabetes
Type 1 Diabetes|Autoantibody
Rheumatoid Arthritis
Psoriatic Arthritis
Type 1 Diabetes
Celiac Disease
Psoriasis|Atopic Dermatitis|Asthma
Systemic Lupus Erythematosus
Hip|Osteoarthritis
Osteoarthritis
Rheumatoid Arthritis|Celiac Disease
Celiac Disease|Celiac
Psoriasis|Psoriatic Arthritis|New Disease
Rheumatoid Arthritis|Biology
Systemic Lupus Erythematosus Sle
Lupus
Psoriasis|Psoriatic Arthritis
Metabolic Traits|Type 2 Diabetes|Adiponectin Levels
