Neurodegeneration|Biomarker
Alzheimer’s Disease
Sporadic Amyotrophic Lateral Sclerosis
Amyotrophic Lateral Sclerosis
Autism Spectrum
Schizophrenia|Quantitative Phenotype|Matter Volume
Glutamate|Alzheimer's Disease
Multiple Sclerosis|Oligoclonal Band
Autism
Neuroblastoma
Late-Onset Alzheimer's Disease
Dementias|Alzheimer's Disease
Parkinson's Disease
Treatment Refractory Schizophrenia
Parkinson Disease|Onset
Late-Onset Alzheimer’s Disease
Systemic Sclerosis
Ischemic Stroke|Vitamin|Folate Levels
Autistic-Like Traits
Atherosclerosis
Ischemic Stroke
Schizophrenia
Ischaemic Stroke
Partial Epilepsies
Hippocampal Atrophy|Quantitative Trait|Alzheimer's Disease
Parkinson’s Disease
Multiple Sclerosis
